,0
0,Achillea millefolium
12,Adiantum pedatum
13,Agastache foeniculum
14,Amsonia
15,Amsonia hubrichtii
16,Amsonia illustris
17,Amsonia tabernaemontana
20,Aquilegia canadensis
21,Aquilegia chrysantha
22,Artemisia ludoviciana
24,Aruncus dioicus
25,Asclepias incarnata
27,Asclepias tuberosa
29,Aster azureus
30,Aster cordifolium
31,Aster divaricatum
33,Aster dumosum
37,Aster ericoides
38,Aster laevis
40,Aster lateriflorum
41,Aster novae-angliae
45,Aster novi-belgii
50,Aster oblongifolium
52,Athyrium flix-femina
53,Athyrium
54,Baptisia alba
55,Baptisia australis
56,Baptisia
59,Baptisia minor
62,Baptisia sphaerocarpa
64,Callirhoe involucrata
65,Carex appalachica
66,Carex flaccosperma
67,Carex laxiculmus
68,Carex pensylvanica
69,Carex plantaginea
70,Carex stricta
71,Chasmanthium latifolium
72,Chelone glabra
73,Chelone lyonii
74,Chelone obliqua
76,Chrysogonum virginianum
77,Cimicifuga racemosa
80,Conoclinium coelestinum
81,Coreopsis auriculata
82,Coreopsis
88,Coreopsis grandiflora
93,Coreopsis palustris
96,Coreopsis tripteris
97,Coreopsis verticillata
100,Deschampsia cespitosa
101,Dicentra
103,Dryopteris australis
104,Dryopteris filix-mas
105,Dryopteris goldiana
106,Dryopteris marginalis
107,Echinacea
113,Echinacea pallida
114,Echinacea paradoxa
118,Echinacea purpurea
130,Echinacea tennessensis
131,Elymus hystrix
132,Eragrostis spectabilis
133,Eryngium yuccifolium
134,Eupatorium dubium
136,Eupatorium maculatum
139,Eupatorium
140,Euthamia caroliniana
141,Gaillardia aristata
142,Gaillardia
144,Gaillardia grandiflora
148,Gaura lindheimeri
155,Gelsemium sempervirens
156,Geranium maculatum
157,Helenium autumnale
158,Helenium flexuosum
159,Helenium
160,Helianthus
161,Helianthus microcephalus
162,Helianthus salicifolius
165,Heliopsis scabra
169,Heuchera americana
170,Heuchera
171,Heuchera brizoides
184,Heuchera sanguinea
190,Heuchera villosa
191,Heucherella
194,Hibiscus
195,Hibiscus coccineus
205,Hibiscus militaris
206,Hibiscus moscheutos
211,Iris cristata
215,Iris louisiana
216,Iris versicolor
218,Liatris aspera
219,Liatris ligulistylis
220,Liatris microcephala
221,Liatris spicata
224,Lobelia cardinalis
225,Lobelia siphilitica
227,Lobelia
228,Lonicera sempervirens
233,Matteuccia struthiopteris
234,Meehania cordata
235,Mertensia virginica
236,Monarda didyma
250,Monarda fistulosa
252,Monarda punctata
253,Muhlenbergia capillaris
255,Muhlenbergia reverchonii
256,Oenothera
257,Osmunda cinnamomea
258,Osmunda claytoniana
259,Osmunda spectabilis
260,Panicum virgatum
266,Penstemon
269,Penstemon digitalis
272,Penstemon grandiflorus
273,Penstemon heterophyllus
274,Penstemon mexicali
278,Phlox
279,Phlox divaricata
282,Phlox glaberrima
284,Phlox maculata
285,Phlox paniculata
295,Phlox procumbens
296,Phlox stolonifera
300,Phlox subulata
311,Physostegia virginiana
314,Polemonium reptans
315,Polystichum acrostichoides
316,Polystichum munitum
317,Pycnanthemum muticum
318,Rudbeckia fulgida
320,Rudbeckia hirta
324,Rudbeckia laciniata
326,Rudbeckia maxima
327,Rudbeckia missouriensis
328,Rudbeckia occidentalis
329,Rudbeckia speciosa
330,Rudbeckia subtomentosa
332,Rudbeckia triloba
333,Ruellia brittoniana
334,Salvia greggii
339,Schizachyrium scoparium
343,Sedum ternatum
344,Silene caroliniana
345,Smilacina racemosa
346,Solidago caesia
347,Solidago canadensis
349,Solidago
351,Solidago rugosa
352,Solidago sphacelata
354,Sporobolus heterolepis
355,Stipa tenussima
356,Stokesia laevis
360,Stylophorum diphyllum
361,Thelypteris palustris
362,Thermopsis caroliniana
363,Tiarella cordifolia
368,Tiarella
372,Tiarella wherryi
373,Tradescantia
380,Verbena canadensis
383,Vernonia fasciculata
384,Vernonia lettermannii
386,Vernonia
387,Veronicastrum virginicum
389,Viola walteri
390,Yucca filamentosa
393,Zizia aurea
